{"time":1.4666666666666666,"_wandb":{"runtime":32},"_runtime":31.3874694,"_step":5,"loss":450.139892578125,"_timestamp":1.7367629460271764e+09}