{"time":4.133333333333333,"_wandb":{"runtime":825},"_runtime":675.6536844,"_step":7,"loss":0.007773437537252903,"_timestamp":1.7374598669037592e+09}