{"loss":2.5790185928344727,"_timestamp":1.74702613450648e+09,"_runtime":105.7644879,"_step":15,"time":0.05,"_wandb":{"runtime":108}}