{"loss":1.4260454177856445,"_timestamp":1.7470237489178967e+09,"_runtime":28859.8107638,"_step":3791,"time":0.36666666666666664,"_wandb":{"runtime":28866}}