{"_wandb":{"runtime":48},"loss":4.963501453399658,"_timestamp":1.747026679427236e+09,"_runtime":47.5431258,"_step":3,"time":1.8833333333333333}