{"_timestamp":1.7368506511114397e+09,"_runtime":237.5431696,"_step":5,"time":6.133333333333333,"_wandb":{"runtime":245},"loss":1292.29833984375}