{"_wandb":{"runtime":40},"loss":0.019494272768497467,"_timestamp":1.7460098055266392e+09,"_runtime":27.505044,"_step":1,"time":8.016666666666666}