{"time":10.016666666666666,"_wandb":{"runtime":3307},"_step":161,"loss":0.1408369392156601,"_timestamp":1.7448828739822364e+09,"_runtime":3270.7927054}