{"time":12.016666666666666,"_wandb":{"runtime":151},"loss":21.9302978515625,"_timestamp":1.7434056436605055e+09,"_runtime":124.9334195,"_step":3}