{"_wandb":{"runtime":110},"_step":4,"loss":199.01919555664062,"_timestamp":1.7350378113082185e+09,"_runtime":104.983125}