{"_wandb":{"runtime":34},"loss":406.4261474609375,"_timestamp":1.7362557874273949e+09,"_runtime":26.6779652,"_step":1}