{"loss":4.897199e+06,"_timestamp":1.747034216984467e+09,"_runtime":90.7502739,"_step":7,"time":0.7,"_wandb":{"runtime":93}}