{"_wandb":{"runtime":21},"_timestamp":1.7470315978321705e+09,"_runtime":13.920198599999999,"_step":1,"loss":2.3400115966796875,"time":2.0166666666666666}