{"_runtime":33.0842822,"time":0.3833333333333333,"_wandb":{"runtime":49},"_step":3,"loss":464.87646484375,"_timestamp":1.7479460434218864e+09}