{"_step":7,"time":0.36666666666666664,"_wandb":{"runtime":98},"loss":1.4433485269546509,"_timestamp":1.7479139237786732e+09,"_runtime":77.1458222}