{"_wandb":{"runtime":87},"loss":8.540837287902832,"_timestamp":1.7415953760978353e+09,"_runtime":74.89303,"_step":1,"time":8.016666666666666}