{"_wandb":{"runtime":22},"loss":5113.0791015625,"_timestamp":1.736764156841552e+09,"_runtime":13.8752719,"_step":1,"time":0.8333333333333334}