{"_step":3,"time":1.1,"_wandb":{"runtime":44},"loss":10.441855430603027,"_timestamp":1.7481597390525804e+09,"_runtime":33.9058652}