{"_wandb":{"runtime":56},"_timestamp":1.7424709426249087e+09,"_runtime":44.7355928,"_step":3,"loss":11.371010780334473,"time":8.016666666666666}