{"_step":9,"time":3.3166666666666664,"_wandb":{"runtime":112},"loss":74.07438659667969,"_timestamp":1.7479434643560107e+09,"_runtime":96.5696147}