{"_runtime":34.0597893,"_step":5,"loss":1.9555407762527466,"time":1.4333333333333333,"_wandb":{"runtime":47},"_timestamp":1.7470313807170184e+09}