{"loss":575.6696166992188,"_timestamp":1.73676284916324e+09,"_runtime":41.603438,"_step":5,"time":1.05,"_wandb":{"runtime":43}}