{"_timestamp":1.7469018254739947e+09,"time":5.583333333333333,"_wandb":{"runtime":2389},"_runtime":2375.7557099,"_step":171,"loss":2.2330482006073}