{"_wandb":{"runtime":38},"_runtime":20.5273624,"_step":0,"loss":177.5352325439453,"_timestamp":1.7350385634545856e+09}