{"time":0.016666666666666666,"_wandb":{"runtime":6},"loss":20172.83984375,"_timestamp":1.7368492185309725e+09,"_runtime":5.9553978,"_step":19}