{"time":4.133333333333333,"_wandb":{"runtime":411},"_step":45,"loss":9.383539199829102,"_timestamp":1.7471385159844868e+09,"_runtime":395.3881348}