{"_wandb":{"runtime":9952},"loss":10.734292030334473,"_timestamp":1.747149478776178e+09,"_runtime":9893.075185,"_step":463,"time":9.1}