{"time":8.016666666666666,"_wandb":{"runtime":233},"loss":12.858406066894531,"_timestamp":1.7424708332273545e+09,"_runtime":227.5756115,"_step":11}