{"_wandb":{"runtime":104},"loss":488.1385803222656,"_timestamp":1.736849797664469e+09,"_runtime":91.8047129,"_step":7,"time":1.25}