{"_step":7,"loss":25.593881607055664,"_timestamp":1.7469532853266876e+09,"_runtime":68.7048914,"time":5.5,"_wandb":{"runtime":91}}