{"_step":1737,"loss":24.172313690185547,"_timestamp":1.7479754072328541e+09,"time":2.0666666666666664,"_wandb":{"runtime":28243},"_runtime":28230.1419454}