{"time":8.016666666666666,"_runtime":7393.8870408,"_step":803,"_timestamp":1.7443858861373398e+09,"_wandb.runtime":6126,"loss":25.810976028442383,"_wandb":{"runtime":7411}}