{"_runtime":46.1821255,"_step":5,"time":1.7,"_wandb":{"runtime":50},"loss":3192.628173828125,"_timestamp":1.7367635049272366e+09}