{"_timestamp":1.7482026134783285e+09,"_runtime":99.0766977,"_step":7,"loss":18.11602020263672,"time":0.8333333333333334,"_wandb":{"runtime":113}}