{"_wandb":{"runtime":64},"loss":0.0950532779097557,"_timestamp":1.7368618741738112e+09,"_runtime":33.0583052,"_step":1,"time":3.4}