{"loss":122.7373046875,"_timestamp":1.7479112321236176e+09,"_runtime":1950.8883636,"_step":179,"time":1.6666666666666667,"_wandb":{"runtime":1998}}