{"_runtime":35.6840535,"_step":2,"_wandb":{"runtime":41},"loss":403.02508544921875,"_timestamp":1.7362558534221723e+09}