{"loss":1116.6181640625,"time":0.7833333333333333,"_wandb":{"runtime":14},"_timestamp":1.7367547054562385e+09,"_runtime":12.7545097,"_step":1}