{"_timestamp":1.746976567192718e+09,"_runtime":2014.3149412,"_step":191,"time":5.8,"_wandb":{"runtime":2041},"loss":36892.359375}