{"_runtime":8.2350944,"_step":31,"time":0.016666666666666666,"_wandb":{"runtime":9},"loss":18021.232421875,"_timestamp":1.7368478718456392e+09}