{"_step":1,"loss":1.483362078666687,"_timestamp":1.7470262452912345e+09,"_runtime":16.9808028,"time":5.1,"_wandb":{"runtime":30}}