{"time":2.1333333333333333,"_wandb":{"runtime":58},"_timestamp":1.7368485988556252e+09,"_runtime":46.3900563,"_step":3,"loss":3620.611328125}