{"loss":11.024580955505371,"_timestamp":1.747031307143065e+09,"_runtime":33.1964462,"_step":5,"time":1.8333333333333333,"_wandb":{"runtime":36}}