{"_runtime":14.7447461,"_step":1,"time":0.7833333333333333,"_wandb":{"runtime":25},"loss":2.00496244430542,"_timestamp":1.7470263414386344e+09}