{"time":8.016666666666666,"_runtime":134.4375525,"_step":253,"_timestamp":1.7424757721395037e+09,"_wandb.runtime":2857,"_wandb":{"runtime":162},"loss":13.329872131347656}