{"time":1.25,"_wandb":{"runtime":62},"loss":449.94427490234375,"_timestamp":1.7367634162769625e+09,"_runtime":57.4647597,"_step":7}