{"_runtime":188.730711,"_step":8,"_wandb":{"runtime":204},"loss":151.62303161621094,"_timestamp":1.735039073990156e+09}