{"_step":1,"time":8.016666666666666,"_wandb":{"runtime":62},"loss":9.938159942626953,"_timestamp":1.7416437783275282e+09,"_runtime":39.7113441}