{"_wandb":{"runtime":94},"_step":5,"loss":3.227588653564453,"_timestamp":1.7470340723679075e+09,"_runtime":80.0451014,"time":0.4}