{"_timestamp":1.7368652174276109e+09,"_runtime":3264.6805489,"_step":201,"time":4.3,"_wandb":{"runtime":3281},"loss":0.14709164202213287}