{"_wandb.runtime":1429,"_wandb":{"runtime":2591},"loss":309.0530700683594,"time":2.5,"_runtime":2589.9656312,"_step":258,"_timestamp":1.7362590029737043e+09}