{"_step":421,"_timestamp":1.7368700872647936e+09,"_wandb.runtime":3281,"loss":0.19407285749912262,"time":5.833333333333333,"_runtime":4691.1736227,"_wandb":{"runtime":4723}}