{"loss":22.495365142822266,"_timestamp":1.7469467494221015e+09,"_runtime":1012.8283455,"_step":85,"time":7,"_wandb":{"runtime":1016}}