{"_wandb":{"runtime":21},"_timestamp":1.7481593734707882e+09,"_runtime":16.5182093,"_step":1,"loss":2.722255229949951,"time":2.1166666666666667}