{"time":1,"_wandb":{"runtime":16},"loss":584.0025634765625,"_timestamp":1.7368482019627593e+09,"_runtime":12.0165515,"_step":1}