{"loss":9.763838768005371,"time":8.016666666666666,"_wandb":{"runtime":110},"_runtime":100.0250647,"_step":245,"_timestamp":1.7424753790278986e+09,"_wandb.runtime":2857}