{"_runtime":21.4225523,"_step":0,"_wandb":{"runtime":42},"loss":144.1782684326172,"_timestamp":1.7350386591766567e+09}