{"_wandb":{"runtime":40},"loss":0.7132929563522339,"_timestamp":1.7470272443669233e+09,"_runtime":20.5625422,"_step":1,"time":4.016666666666667}