{"_wandb":{"runtime":86},"loss":11.991416931152344,"_timestamp":1.747913538479914e+09,"_runtime":84.5369362,"_step":7,"time":4.316666666666666}