{"_wandb":{"runtime":2337},"loss":308.1360778808594,"_timestamp":1.7469418743347282e+09,"_runtime":2311.7620702,"_step":177,"time":8.016666666666666}