{"loss":1274.594482421875,"_timestamp":1.7350388033475075e+09,"_runtime":42.2996805,"_step":1,"_wandb":{"runtime":62}}