{"loss":8.147480010986328,"_timestamp":1.7481568205560853e+09,"_runtime":439.5936357,"_step":39,"time":8.1,"_wandb":{"runtime":441}}