{"_runtime":12.7815275,"time":1.2166666666666666,"_wandb":{"runtime":21},"_step":1,"loss":2161.331298828125,"_timestamp":1.7367637761227665e+09}