{"_timestamp":1.7479440304117289e+09,"_runtime":58.6594644,"_step":5,"time":2.9166666666666665,"_wandb":{"runtime":77},"loss":40.697418212890625}