{"_runtime":42.6521387,"time":3.183333333333333,"_wandb":{"runtime":45},"_step":7,"loss":2.099966049194336,"_timestamp":1.7470298716303272e+09}