{"_wandb":{"runtime":36942},"loss":27.237201690673828,"_timestamp":1.749022847643761e+09,"_runtime":36860.455534,"_step":599,"time":43.81666666666666}