{"loss":1287.77880859375,"_timestamp":1.7368514426289847e+09,"_runtime":81.044315,"time":9.383333333333333,"_wandb":{"runtime":86},"_step":1}