{"loss":2284.666259765625,"_timestamp":1.7367639665688884e+09,"_runtime":43.2147684,"time":1.4333333333333333,"_wandb":{"runtime":59},"_step":5}