{"loss":2386.760009765625,"_timestamp":1.7367635589517548e+09,"time":1.1,"_wandb":{"runtime":23},"_runtime":15.2651597,"_step":1}