{"loss":0.7484980821609497,"_timestamp":1.747033773848442e+09,"_runtime":29.3315592,"_step":1,"time":3.5,"_wandb":{"runtime":60}}