{"_runtime":18.5762624,"_step":1,"time":8.016666666666666,"_wandb":{"runtime":33},"loss":30.92654037475586,"_timestamp":1.7425460017504973e+09}