{"time":15.433333333333334,"_wandb":{"runtime":13567},"loss":1.3365601301193237,"_timestamp":1.746994045306536e+09,"_runtime":13170.0821759,"_step":261}