{"_runtime":12557.1402411,"_step":169,"time":36.016666666666666,"_wandb":{"runtime":13042},"loss":1.1261087656021118,"_timestamp":1.7461257069212525e+09}