{"_step":351,"_timestamp":1.7469530128282182e+09,"_wandb":{"runtime":909},"_wandb.runtime":5167,"loss":10.383880615234375,"time":7.566666666666666,"_runtime":897.0492908}