{"_timestamp":1.7416671286808445e+09,"_wandb.runtime":22620,"loss":16.878175735473633,"_wandb":{"runtime":99},"time":10.016666666666666,"_runtime":90.6970686,"_step":703}