{"loss":34.54050827026367,"_timestamp":1.7448184628287203e+09,"_runtime":26.5391457,"_step":1,"time":8.016666666666666,"_wandb":{"runtime":42}}