{"time":6.55,"_wandb":{"runtime":184},"loss":0.03053337335586548,"_timestamp":1.7374601786807501e+09,"_runtime":128.9172211,"_step":1}