{"time":10.016666666666666,"_wandb":{"runtime":186},"loss":0.19870881736278534,"_timestamp":1.7394322676943064e+09,"_runtime":185.414465,"_step":1}