{"time":4.016666666666667,"_wandb":{"runtime":1563},"loss":1.3268713472e+10,"_timestamp":1.748158400790133e+09,"_runtime":1544.3635301,"_step":143}