{"loss":4.255593216e+09,"_timestamp":1.7479132031420846e+09,"_runtime":1445.1138687,"_step":117,"time":14.083333333333334,"_wandb":{"runtime":1449}}