{"loss":0.3015783131122589,"_timestamp":1.7374618126843119e+09,"_runtime":663.5507877,"_step":13,"time":35.13333333333333,"_wandb":{"runtime":701}}