{"_step":51,"time":6.6,"_wandb":{"runtime":545},"loss":100.05803680419922,"_timestamp":1.7481707533558173e+09,"_runtime":543.9523181}