{"_timestamp":1.7481701292545261e+09,"_runtime":5483.5713118,"_step":313,"time":9,"_wandb":{"runtime":5500},"loss":21.974225997924805}