{"time":2.966666666666667,"_wandb":{"runtime":34},"_step":1,"loss":0.9484943151473999,"_timestamp":1.7470275733466563e+09,"_runtime":24.1228061}