{"_timestamp":1.7362591429859717e+09,"_wandb.runtime":1429,"loss":529.46337890625,"time":1.05,"_runtime":2668.9378277,"_step":268,"_wandb":{"runtime":2679}}