{"_wandb":{"runtime":2882},"_wandb.runtime":11,"loss":386.46173095703125,"time":1.4333333333333333,"_runtime":2867.8729889,"_step":288,"_timestamp":1.7367621721149688e+09}