{"_runtime":1830.7495714,"_step":213,"_timestamp":1.7367545428056405e+09,"_wandb.runtime":564,"_wandb":{"runtime":1835},"loss":854.2919921875,"time":1.6333333333333333}