{"_wandb":{"runtime":34},"loss":977907.1875,"_timestamp":1.735038860226685e+09,"_runtime":21.9595669,"_step":0}