{"_runtime":18.5782145,"_step":1,"time":3.6666666666666665,"_wandb":{"runtime":33},"loss":0.95942223072052,"_timestamp":1.7479432543508286e+09}