{"time":5.05,"_wandb":{"runtime":20},"loss":34.517940521240234,"_timestamp":1.7479433317153635e+09,"_runtime":19.0550381,"_step":1}