{"_wandb":{"runtime":13082},"loss":4.218889236450195,"_timestamp":1.7469639973037362e+09,"_runtime":9399.8384214,"_step":243,"time":130.15}