{"_timestamp":1.7367627575163226e+09,"_runtime":23.8312085,"_step":3,"time":1.3666666666666667,"_wandb":{"runtime":24},"loss":339.22589111328125}