{"_step":1,"time":11.083333333333334,"_wandb":{"runtime":192},"loss":0.25313475728034973,"_timestamp":1.7374610439761698e+09,"_runtime":154.5314037}