{"loss":18.71917724609375,"_timestamp":1.7469448791904163e+09,"_runtime":1872.7873514,"_step":267,"time":2.5666666666666664,"_wandb":{"runtime":1880}}