{"_wandb":{"runtime":6332},"time":8.016666666666666,"_runtime":6307.4136701,"_step":847,"_timestamp":1.7424925311650891e+09,"_wandb.runtime":2857,"loss":9.578556060791016}