{"loss":1238.217529296875,"time":1.4166666666666667,"_wandb":{"runtime":29},"_timestamp":1.7367611295272794e+09,"_runtime":26.9960923,"_step":3}