{"loss":17.386022567749023,"_timestamp":1.7434045750382695e+09,"_runtime":119.9121422,"_step":3,"time":8.016666666666666,"_wandb":{"runtime":185}}