{"_step":99,"_wandb":{"runtime":2232},"loss":69.9517593383789,"_timestamp":1.7350413341462057e+09,"_runtime":2229.8513642}