{"loss":0.1458115130662918,"_timestamp":1.7467731772705986e+09,"_runtime":19.5678859,"_step":1,"time":6.333333333333333,"_wandb":{"runtime":22}}