{"_runtime":29.3076378,"_step":3,"loss":39.5277214050293,"_timestamp":1.7479461488749135e+09,"time":2.0833333333333335,"_wandb":{"runtime":36}}