{"_step":177,"time":2.5833333333333335,"_wandb":{"runtime":1547},"loss":3.297381e+06,"_timestamp":1.7470390528607621e+09,"_runtime":1524.3266501}