{"_wandb.runtime":1429,"loss":3567.08251953125,"time":1.7666666666666666,"_wandb":{"runtime":2767},"_runtime":2747.8601797,"_step":274,"_timestamp":1.736750461358609e+09}