{"_timestamp":1.7368613749379356e+09,"_runtime":34.1147807,"_step":1,"time":5.683333333333334,"_wandb":{"runtime":63},"loss":0.06409411132335663}