{"_step":1,"time":10.016666666666666,"_wandb":{"runtime":98},"loss":12.28629207611084,"_timestamp":1.7416765346667216e+09,"_runtime":76.1055615}