{"_wandb":{"runtime":2853},"_step":286,"_timestamp":1.7367620956204836e+09,"_wandb.runtime":11,"loss":3872.54833984375,"time":0.75,"_runtime":2846.6110436}