{"_step":963,"_timestamp":1.748249541167775e+09,"_wandb.runtime":11330,"loss":14.003376007080078,"_wandb":{"runtime":46905},"time":19.78333333333333,"_runtime":46771.7580709}