{"_step":469,"time":6.516666666666667,"_wandb":{"runtime":17209},"loss":13.410091400146484,"_timestamp":1.7468033869767723e+09,"_runtime":17178.4265369}