{"_runtime":18.4371011,"_step":1,"loss":0.07566355168819427,"_timestamp":1.7461070055661926e+09,"time":2.7,"_wandb":{"runtime":20}}