{"time":3.9833333333333334,"_wandb":{"runtime":8926},"_step":457,"loss":3.2067806720733643,"_timestamp":1.7470488545025315e+09,"_runtime":8920.1010151}