{"_step":1431,"loss":2.0050153732299805,"_timestamp":1.7422729595990043e+09,"time":8.016666666666666,"_wandb":{"runtime":22998},"_runtime":22966.7847204}