{"_runtime":3285.8564367,"_step":181,"time":8.016666666666666,"_wandb":{"runtime":3320},"loss":16.220928192138672,"_timestamp":1.7448061302607388e+09}