{"_step":311,"loss":11.602263450622559,"time":8.016666666666666,"_wandb":{"runtime":5167},"_timestamp":1.746952018178373e+09,"_runtime":5141.495422}