{"_runtime":208.8875544,"_step":3,"time":8.016666666666666,"_wandb":{"runtime":224},"loss":0.5937910676002502,"_timestamp":1.7460502369147375e+09}