{"_timestamp":1.7416430520510006e+09,"_runtime":82.1649434,"_step":1,"time":14.016666666666666,"_wandb":{"runtime":114},"loss":10.578506469726562}