{"_runtime":1831.6947311,"_step":135,"time":8.016666666666666,"_wandb":{"runtime":1855},"loss":32.2308349609375,"_timestamp":1.746110605023956e+09}