{"_runtime":4380.0309095,"_step":283,"loss":2.9250359535217285,"time":4.966666666666667,"_wandb":{"runtime":4398},"_timestamp":1.7481641466582708e+09}