{"_step":201,"loss":187779.234375,"_timestamp":1.747036534332726e+09,"time":2.0166666666666666,"_wandb":{"runtime":1878},"_runtime":1865.7449952}