{"loss":1.4694852828979492,"time":20.016666666666666,"_runtime":176.4499789,"_wandb":{"runtime":276},"_step":181,"_timestamp":1.7401425377909398e+09,"_wandb.runtime":20816}