{"_timestamp":1.7481592721063104e+09,"_runtime":47.2574934,"_step":5,"time":2.9833333333333334,"_wandb":{"runtime":64},"loss":1.9105173349380493}