{"loss":0.9605559706687927,"_timestamp":1.7481559604266353e+09,"_runtime":58.779492,"_step":5,"time":2.8666666666666667,"_wandb":{"runtime":63}}