{"_wandb":{"runtime":34},"loss":-9.935711535630385e+18,"_timestamp":1.7350381485372672e+09,"_runtime":20.5996721,"_step":0}