{"_timestamp":1.748159676079523e+09,"_runtime":75.6976251,"_step":7,"time":1.8666666666666667,"_wandb":{"runtime":84},"loss":2.712318181991577}