{"_wandb.runtime":11330,"loss":6.286098003387451,"time":16.25,"_runtime":145.2503209,"_wandb":{"runtime":1},"_step":363,"_timestamp":1.74819670647802e+09}