{"loss":2053.16552734375,"_timestamp":1.7367548516627235e+09,"_runtime":11.7507976,"_step":1,"time":1.15,"_wandb":{"runtime":24}}