{"loss":0.24498477578163147,"time":2.1333333333333333,"_wandb":{"runtime":129},"_runtime":124.2039648,"_step":427,"_timestamp":1.7368704005145497e+09,"_wandb.runtime":3281}