{"_wandb":{"runtime":51},"loss":0.06408064067363739,"_timestamp":1.7368614856181355e+09,"_runtime":28.3240506,"_step":1,"time":3.5}