{"_runtime":11287.880887,"_step":361,"time":2.1333333333333333,"_wandb":{"runtime":11330},"loss":34.902496337890625,"_timestamp":1.748196440091249e+09}