{"_runtime":59.0845546,"_step":3,"loss":0.056632306426763535,"_timestamp":1.7422467678623617e+09,"time":8.016666666666666,"_wandb":{"runtime":67}}