{"_wandb":{"runtime":10591},"_timestamp":1.7467854647885947e+09,"_runtime":10390.0698307,"_step":229,"loss":5.556816577911377,"time":13.966666666666667}