{"time":3.683333333333333,"_wandb":{"runtime":3750},"_timestamp":1.7469806928797178e+09,"_runtime":3743.2287038,"_step":305,"loss":39731.2578125}