{"_step":15,"loss":0.08622758835554123,"time":10.016666666666666,"_wandb":{"runtime":290},"_timestamp":1.7448794647454855e+09,"_runtime":279.0445146}