{"_step":55,"time":1.9833333333333334,"_wandb":{"runtime":564},"loss":2370.541015625,"_timestamp":1.7367513456920447e+09,"_runtime":559.2779789}