{"_step":3,"time":2.033333333333333,"_wandb":{"runtime":38},"loss":528.2802124023438,"_timestamp":1.7367622337777288e+09,"_runtime":27.3662824}