{"_runtime":510.8647195,"_step":1459,"_timestamp":1.7422737683114064e+09,"_wandb.runtime":22998,"loss":1.900847315788269,"time":8.016666666666666,"_wandb":{"runtime":530}}