{"_wandb":{"runtime":49},"_step":1,"loss":57280.76171875,"_timestamp":1.7350385121999078e+09,"_runtime":44.8407159}