{"loss":1.382712721824646,"time":10.016666666666666,"_runtime":568.7988754,"_wandb":{"runtime":604},"_step":547,"_timestamp":1.7469390207629025e+09,"_wandb.runtime":11909}